IDTransacao,IDCliente,NomeProduto,Quantidade,Preco,Data
1,C082,Vinho,1,34.14,2025-03-04
2,C029,Arroz,6,4.87,2025-05-20
3,C012,Hamburguer,1,2.83,2025-02-25
4,C030,Granola,5,2.74,2025-02-20
5,C092,Fermento,2,14.58,2025-03-13
6,C001,Macarrao,6,13.83,2025-03-13
7,C020,Carvao,3,4.86,2025-04-08
8,C013,Sabonete,3,18.9,2025-01-12
9,C094,Salsicha,5,5.5,2025-04-07
10,C011,Detergente,6,19.32,2025-04-03
11,C074,Cerveja,6,3.95,2025-02-28
12,C099,Detergente,1,25.95,2025-01-26
13,C049,Condicionador,4,19.8,2025-04-04
14,C021,Arroz_Integral,3,7.87,2025-03-10
15,C090,Cafe,5,19.78,2025-05-17
16,C094,Lenco_Umedecido,2,14.94,2025-03-11
17,C082,Fralda,6,11.08,2025-01-15
18,C030,Geleia,3,13.23,2025-01-17
19,C028,Biscoito,2,20.35,2025-04-12
20,C083,Salsicha,2,9.42,2025-03-05
21,C096,Shampoo,6,18.37,2025-05-30
22,C052,Arroz_Integral,2,29.93,2025-02-05
23,C066,Iogurte,1,23.16,2025-01-29
24,C020,Macarrao,6,13.82,2025-01-17
25,C050,Azeite,5,29.89,2025-05-16
26,C033,Pao,6,17.74,2025-05-18
27,C097,Condicionador,6,11.52,2025-03-17
28,C056,Macarrao,4,2.09,2025-03-09
29,C065,Molho_de_Tomate,5,27.55,2025-03-18
30,C082,Granola,5,7.57,2025-04-06
31,C098,Macarrao,5,28.7,2025-05-16
32,C001,Biscoito,4,2.55,2025-04-03
33,C040,Lenco_Umedecido,1,8.74,2025-05-26
34,C011,Acucar,6,12.49,2025-01-18
35,C098,Arroz,2,20.47,2025-05-21
36,C022,Shampoo,5,26.43,2025-04-19
37,C028,Cerveja,6,10.73,2025-04-06
38,C057,Pao_de_Hamburguer,1,8.94,2025-01-17
39,C044,Manteiga,5,17.51,2025-05-31
40,C029,Pao,1,17.46,2025-01-16
41,C030,Cafe,1,26.07,2025-01-19
42,C066,Lenco_Umedecido,3,20.73,2025-02-24
43,C070,Arroz,6,28.19,2025-05-27
44,C074,Pao_de_Hot_Dog,2,23.97,2025-04-15
45,C025,Queijo,1,30.67,2025-04-01
46,C055,Fermento,4,26.19,2025-01-14
47,C087,Queijo,1,19.91,2025-03-28
48,C014,Lenco_Umedecido,2,7.33,2025-04-25
49,C018,Hamburguer,2,9.8,2025-03-05
50,C010,Pao_de_Hamburguer,5,4.74,2025-05-19
51,C002,Acucar,2,5.33,2025-05-05
52,C062,Carvao,4,27.27,2025-02-12
53,C049,Pao,4,7.54,2025-04-27
54,C037,Hamburguer,6,28.8,2025-05-23
55,C085,Iogurte,2,7.32,2025-02-25
56,C008,Leite,6,8.62,2025-01-13
57,C075,Pao_de_Hot_Dog,5,27.74,2025-05-16
58,C021,Leite,5,3.39,2025-02-17
59,C009,Cafe,6,26.13,2025-04-14
60,C016,Lenco_Umedecido,5,18.65,2025-01-21
61,C054,Biscoito,3,7.72,2025-03-22
62,C031,Shampoo,4,5.66,2025-03-18
63,C059,Biscoito,1,2.26,2025-05-25
64,C013,Cafe,5,7.97,2025-03-09
65,C017,Sabonete,1,26.62,2025-04-05
66,C037,Macarrao,4,25.34,2025-03-19
67,C079,Pao,6,19.9,2025-03-18
68,C085,Queijo,2,14.12,2025-01-28
69,C096,Feijao,3,9.89,2025-02-23
70,C092,Refrigerante,2,21.25,2025-03-09
71,C065,Iogurte,3,27.35,2025-01-14
72,C012,Hamburguer,3,3.23,2025-03-27
73,C099,Arroz,6,29.43,2025-02-11
74,C095,Pao_de_Hamburguer,5,21.76,2025-05-24
75,C002,Vinho,1,42.69,2025-02-08
76,C070,Geleia,3,18.31,2025-02-07
77,C056,Arroz,1,10.63,2025-01-11
78,C046,Carvao,6,8.99,2025-01-27
79,C046,Fermento,5,22.99,2025-03-02
80,C021,Molho_de_Tomate,4,2.69,2025-03-27
81,C053,Lenco_Umedecido,3,6.46,2025-01-28
82,C049,Geleia,4,8.23,2025-04-28
83,C045,Esponja,2,8.24,2025-02-19
84,C052,Refrigerante,3,26.2,2025-03-13
85,C045,Granola,4,21.03,2025-05-18
86,C043,Manteiga,1,26.56,2025-03-08
87,C023,Shampoo,1,5.04,2025-04-22
88,C045,Biscoito,4,18.97,2025-05-11
89,C015,Azeite,5,7.32,2025-01-12
90,C091,Hamburguer,1,16.56,2025-05-18
91,C088,Cerveja,3,14.08,2025-03-26
92,C080,Biscoito,6,25.74,2025-03-18
93,C065,Esponja,6,13.44,2025-04-14
94,C090,Detergente,5,5.56,2025-04-18
95,C086,Azeite,6,22.95,2025-02-14
96,C079,Esponja,4,17.34,2025-01-01
97,C039,Detergente,2,14.04,2025-05-29
98,C078,Biscoito,4,14.37,2025-02-24
99,C066,Pao_de_Hot_Dog,6,6.75,2025-01-22
100,C037,Granola,6,19.72,2025-03-27
101,C012,Lenco_Umedecido,6,10.69,2025-02-20
102,C019,Manteiga,1,8.86,2025-05-02
103,C079,Cafe,4,13.6,2025-05-28
104,C025,Azeite,4,13.19,2025-02-07
105,C084,Pao,1,19.04,2025-02-26
106,C023,Salsicha,1,17.61,2025-02-01
107,C059,Arroz,4,20.69,2025-05-24
108,C077,Biscoito,4,19.15,2025-05-10
109,C055,Pao_de_Hamburguer,2,22.82,2025-05-02
110,C058,Shampoo,2,25.52,2025-03-12
111,C099,Iogurte,6,8.7,2025-04-23
112,C010,Detergente,2,9.61,2025-03-23
113,C070,Acucar,2,4.98,2025-04-09
114,C089,Feijao,6,7.99,2025-04-17
115,C053,Refrigerante,5,15.05,2025-01-16
116,C027,Fermento,4,27.34,2025-05-30
117,C090,Manteiga,5,12.65,2025-01-02
118,C046,Esponja,4,25.9,2025-04-18
119,C069,Fralda,4,8.14,2025-04-22
120,C063,Manteiga,4,11.41,2025-04-14
121,C093,Macarrao,4,27.75,2025-05-17
122,C004,Farinha,5,17.8,2025-01-07
123,C011,Hamburguer,2,26.27,2025-02-16
124,C007,Shampoo,4,11.17,2025-04-27
125,C042,Refrigerante,4,9.79,2025-04-18
126,C033,Acucar,4,2.03,2025-05-19
127,C007,Sabonete,2,20.2,2025-01-11
128,C097,Manteiga,2,7.58,2025-01-06
129,C080,Feijao,2,5.53,2025-01-30
130,C073,Carvao,4,21.59,2025-04-05
131,C022,Vinho,2,43.52,2025-01-28
132,C075,Manteiga,3,18.12,2025-04-07
133,C051,Cerveja,1,18.58,2025-03-04
134,C014,Esponja,6,18.81,2025-01-31
135,C073,Geleia,3,16.92,2025-04-05
136,C009,Granola,6,11.55,2025-04-18
137,C063,Queijo,4,43.35,2025-04-28
138,C091,Feijao,4,6.93,2025-05-14
139,C084,Condicionador,5,24.63,2025-05-18
140,C100,Pao_de_Hot_Dog,4,14.2,2025-03-10
141,C042,Lenco_Umedecido,1,9.81,2025-04-26
142,C032,Salsicha,5,19.09,2025-04-08
143,C044,Manteiga,4,25.83,2025-02-16
144,C063,Carvao,3,24.34,2025-03-29
145,C036,Condicionador,5,2.28,2025-02-18
146,C011,Lenco_Umedecido,6,13.38,2025-05-23
147,C098,Lenco_Umedecido,6,15.33,2025-05-06
148,C058,Manteiga,1,10.24,2025-04-14
149,C089,Lenco_Umedecido,3,20.59,2025-04-05
150,C061,Sabonete,4,29.91,2025-05-21
151,C043,Sabonete,6,14.7,2025-03-20
152,C033,Fralda,1,22.2,2025-03-22
153,C016,Molho_de_Tomate,2,8.06,2025-05-04
154,C036,Detergente,1,25.31,2025-03-17
155,C030,Arroz_Integral,2,10.46,2025-05-17
156,C017,Condicionador,1,29.28,2025-05-22
157,C038,Arroz,6,26.32,2025-05-06
158,C014,Pao,5,7.97,2025-05-03
159,C057,Refrigerante,2,29.03,2025-03-06
160,C062,Vinho,1,19.83,2025-01-19
161,C074,Leite,2,4.94,2025-05-25
162,C039,Acucar,2,4.26,2025-04-17
163,C078,Fralda,5,12.65,2025-04-24
164,C039,Hamburguer,3,17.92,2025-01-16
165,C079,Queijo,2,29.27,2025-03-09
166,C085,Acucar,2,6.98,2025-05-22
167,C010,Macarrao,1,13.44,2025-05-01
168,C038,Geleia,2,10.07,2025-03-14
169,C090,Salsicha,1,21.25,2025-03-09
170,C081,Cerveja,4,5.21,2025-02-27
171,C083,Feijao,3,25.15,2025-01-19
172,C008,Macarrao,3,18.66,2025-05-26
173,C037,Pao_de_Hamburguer,1,15.12,2025-03-19
174,C090,Farinha,3,16.01,2025-05-07
175,C057,Acucar,5,2.5,2025-04-21
176,C095,Biscoito,5,9.01,2025-01-24
177,C030,Manteiga,6,25.0,2025-05-28
178,C006,Molho_de_Tomate,4,16.53,2025-04-24
179,C036,Molho_de_Tomate,5,14.2,2025-05-06
180,C012,Pao_de_Hot_Dog,3,13.43,2025-03-24
181,C086,Queijo,2,16.84,2025-05-07
182,C037,Farinha,5,3.03,2025-01-23
183,C041,Shampoo,3,5.25,2025-04-14
184,C066,Pao,6,21.07,2025-04-29
185,C053,Leite,2,13.22,2025-05-08
186,C081,Pao_de_Hamburguer,1,7.7,2025-05-21
187,C017,Detergente,4,26.66,2025-05-05
188,C016,Manteiga,6,19.05,2025-03-03
189,C091,Macarrao,3,17.42,2025-05-22
190,C053,Acucar,2,23.82,2025-01-30
191,C060,Vinho,6,37.95,2025-05-08
192,C092,Detergente,5,21.75,2025-04-17
193,C062,Pao_de_Hot_Dog,2,14.79,2025-02-07
194,C050,Cerveja,5,16.23,2025-02-04
195,C009,Condicionador,4,11.52,2025-05-10
196,C035,Pao,3,17.86,2025-05-31
197,C075,Iogurte,2,14.5,2025-05-04
198,C045,Refrigerante,5,23.36,2025-04-07
199,C059,Biscoito,2,29.46,2025-03-03
200,C074,Azeite,2,25.97,2025-04-16
201,C006,Biscoito,6,15.24,2025-04-08
202,C050,Feijao,4,29.02,2025-02-02
203,C065,Refrigerante,1,26.48,2025-04-23
204,C013,Salsicha,1,22.23,2025-04-15
205,C084,Feijao,1,15.15,2025-03-09
206,C044,Farinha,6,4.25,2025-03-26
207,C087,Azeite,3,19.55,2025-05-05
208,C070,Geleia,5,3.92,2025-03-15
209,C030,Acucar,4,23.51,2025-01-26
210,C057,Macarrao,6,10.39,2025-01-08
211,C006,Biscoito,1,10.21,2025-04-06
212,C056,Feijao,2,16.87,2025-05-25
213,C088,Molho_de_Tomate,2,6.9,2025-04-08
214,C080,Lenco_Umedecido,4,27.56,2025-02-06
215,C030,Salsicha,6,9.11,2025-03-07
216,C086,Pao,4,21.78,2025-05-20
217,C021,Cafe,4,28.47,2025-05-31
218,C039,Hamburguer,6,9.0,2025-03-19
219,C026,Azeite,4,4.99,2025-04-08
220,C074,Sabonete,5,10.28,2025-03-17
221,C003,Farinha,3,2.23,2025-01-13
222,C078,Iogurte,3,23.72,2025-02-28
223,C078,Sabonete,2,19.83,2025-03-06
224,C087,Arroz,6,4.72,2025-01-11
225,C040,Pao_de_Hamburguer,1,18.23,2025-02-03
226,C012,Detergente,3,22.93,2025-02-14
227,C026,Arroz,5,26.54,2025-04-04
228,C068,Granola,3,25.25,2025-03-07
229,C062,Detergente,6,26.37,2025-01-30
230,C060,Cafe,2,23.12,2025-02-27
231,C087,Farinha,5,12.24,2025-04-12
232,C002,Shampoo,5,5.46,2025-04-05
233,C087,Shampoo,5,12.67,2025-04-06
234,C014,Fralda,4,2.7,2025-05-24
235,C042,Fralda,6,3.77,2025-04-29
236,C090,Esponja,6,13.43,2025-02-05
237,C006,Geleia,3,29.89,2025-01-30
238,C013,Lenco_Umedecido,5,5.8,2025-04-27
239,C048,Fermento,5,22.78,2025-02-09
240,C054,Queijo,4,28.86,2025-03-13
241,C005,Arroz_Integral,2,14.41,2025-03-02
242,C047,Queijo,6,18.43,2025-04-02
243,C008,Farinha,3,7.31,2025-02-01
244,C059,Acucar,6,6.35,2025-01-06
245,C007,Refrigerante,2,29.69,2025-05-25
246,C027,Cafe,5,7.8,2025-02-25
247,C030,Refrigerante,2,24.08,2025-01-01
248,C036,Feijao,2,17.13,2025-02-14
249,C015,Manteiga,2,2.42,2025-03-02
250,C076,Biscoito,1,6.88,2025-01-14
251,C017,Fermento,5,5.18,2025-01-17
252,C061,Pao_de_Hamburguer,3,16.37,2025-01-28
253,C058,Granola,2,28.47,2025-01-12
254,C094,Esponja,4,20.01,2025-01-08
255,C008,Pao_de_Hot_Dog,4,13.94,2025-01-28
256,C063,Pao_de_Hamburguer,1,27.18,2025-03-24
257,C078,Feijao,1,5.53,2025-05-30
258,C071,Biscoito,4,29.85,2025-05-16
259,C038,Salsicha,5,18.95,2025-01-26
260,C090,Vinho,6,30.34,2025-05-22
261,C093,Carvao,4,14.64,2025-02-28
262,C053,Refrigerante,4,13.16,2025-01-25
263,C041,Hamburguer,3,20.62,2025-04-06
264,C020,Pao_de_Hot_Dog,1,4.55,2025-01-22
265,C012,Hamburguer,1,22.85,2025-04-06
266,C017,Leite,5,23.03,2025-05-24
267,C043,Vinho,4,17.85,2025-04-19
268,C093,Leite,3,15.05,2025-04-01
269,C014,Granola,2,6.33,2025-05-04
270,C029,Queijo,3,38.51,2025-04-05
271,C015,Condicionador,5,8.33,2025-04-20
272,C072,Manteiga,5,28.01,2025-03-10
273,C004,Molho_de_Tomate,3,21.68,2025-03-21
274,C044,Sabonete,1,7.08,2025-02-06
275,C073,Farinha,1,5.97,2025-01-08
276,C012,Carvao,4,13.76,2025-03-29
277,C021,Arroz_Integral,3,22.2,2025-05-26
278,C077,Acucar,1,5.09,2025-01-13
279,C087,Acucar,3,11.53,2025-04-19
280,C063,Pao_de_Hamburguer,4,9.65,2025-05-12
281,C015,Sabonete,4,5.1,2025-05-05
282,C068,Esponja,1,8.17,2025-01-15
283,C001,Carvao,3,28.47,2025-02-05
284,C098,Shampoo,3,11.19,2025-01-02
285,C064,Hamburguer,2,5.62,2025-05-17
286,C091,Fralda,5,17.64,2025-04-01
287,C010,Farinha,6,3.18,2025-01-05
288,C059,Cafe,3,18.12,2025-05-27
289,C052,Fermento,3,5.22,2025-01-06
290,C042,Macarrao,5,14.88,2025-04-03
291,C012,Hamburguer,1,8.81,2025-05-31
292,C052,Acucar,4,21.1,2025-03-28
293,C029,Refrigerante,2,4.14,2025-01-30
294,C068,Granola,2,27.37,2025-03-31
295,C045,Feijao,2,4.88,2025-03-07
296,C026,Molho_de_Tomate,5,6.28,2025-01-20
297,C023,Iogurte,4,23.12,2025-05-29
298,C058,Biscoito,6,10.85,2025-04-23
299,C009,Pao_de_Hot_Dog,4,19.68,2025-03-12
300,C076,Leite,3,12.97,2025-03-21
301,C060,Pao_de_Hamburguer,1,3.59,2025-03-15
302,C010,Acucar,5,14.9,2025-04-09
303,C060,Geleia,4,27.45,2025-05-27
304,C084,Cerveja,3,18.94,2025-05-09
305,C020,Leite,4,3.92,2025-03-29
306,C092,Acucar,5,16.07,2025-01-11
307,C032,Pao_de_Hamburguer,4,16.67,2025-02-10
308,C047,Arroz_Integral,3,12.85,2025-03-28
309,C087,Leite,6,16.1,2025-01-17
310,C043,Queijo,5,31.48,2025-03-14
311,C033,Feijao,3,4.28,2025-02-06
312,C045,Esponja,6,21.56,2025-04-11
313,C017,Acucar,3,14.12,2025-03-26
314,C017,Acucar,6,16.62,2025-05-11
315,C047,Manteiga,3,10.65,2025-02-24
316,C044,Iogurte,2,8.34,2025-02-05
317,C020,Cafe,3,25.64,2025-01-26
318,C065,Geleia,6,11.43,2025-02-03
319,C077,Azeite,2,6.54,2025-02-12
320,C093,Pao_de_Hamburguer,1,13.5,2025-03-02
321,C057,Detergente,6,23.95,2025-03-01
322,C069,Lenco_Umedecido,3,29.04,2025-05-01
323,C025,Arroz_Integral,6,28.52,2025-04-23
324,C060,Detergente,4,16.08,2025-04-18
325,C021,Cerveja,5,5.88,2025-03-06
326,C007,Pao_de_Hot_Dog,3,17.53,2025-01-27
327,C092,Vinho,3,6.52,2025-02-11
328,C035,Pao_de_Hamburguer,5,6.13,2025-04-22
329,C012,Fralda,4,26.77,2025-01-07
330,C054,Leite,4,12.85,2025-03-02
331,C050,Acucar,3,6.63,2025-03-23
332,C013,Refrigerante,2,5.85,2025-03-15
333,C061,Arroz,6,15.14,2025-01-02
334,C011,Manteiga,3,8.04,2025-02-08
335,C071,Hamburguer,1,23.73,2025-03-02
336,C039,Vinho,1,13.02,2025-04-28
337,C009,Vinho,4,28.07,2025-01-05
338,C081,Granola,5,8.77,2025-02-06
339,C038,Hamburguer,1,19.21,2025-03-03
340,C074,Fermento,2,20.6,2025-01-22
341,C068,Arroz_Integral,1,28.7,2025-05-20
342,C065,Granola,5,2.57,2025-05-01
343,C006,Azeite,3,9.1,2025-01-05
344,C046,Cafe,3,8.75,2025-01-27
345,C099,Refrigerante,2,3.24,2025-05-20
346,C044,Molho_de_Tomate,6,15.01,2025-05-03
347,C081,Molho_de_Tomate,2,3.77,2025-04-28
348,C005,Detergente,2,3.23,2025-02-21
349,C006,Biscoito,3,16.43,2025-05-20
350,C061,Shampoo,1,23.09,2025-02-18
351,C037,Sabonete,1,26.24,2025-03-26
352,C035,Vinho,3,21.34,2025-04-13
353,C096,Pao_de_Hamburguer,4,11.49,2025-02-17
354,C064,Iogurte,3,27.88,2025-05-13
355,C035,Acucar,6,11.11,2025-04-21
356,C078,Molho_de_Tomate,5,10.23,2025-01-27
357,C011,Biscoito,6,10.28,2025-04-25
358,C078,Hamburguer,2,21.31,2025-03-31
359,C058,Geleia,6,26.36,2025-04-01
360,C079,Hamburguer,3,19.91,2025-01-15
361,C010,Farinha,3,16.37,2025-02-10
362,C004,Feijao,5,20.99,2025-04-23
363,C005,Arroz,1,8.61,2025-04-04
364,C047,Azeite,5,2.91,2025-02-09
365,C087,Pao_de_Hamburguer,3,12.42,2025-01-20
366,C074,Arroz,5,12.27,2025-03-22
367,C084,Condicionador,2,28.89,2025-01-07
368,C095,Molho_de_Tomate,4,16.5,2025-05-24
369,C016,Shampoo,3,21.71,2025-02-24
370,C079,Detergente,6,27.66,2025-05-06
371,C026,Vinho,2,38.82,2025-04-26
372,C023,Pao_de_Hamburguer,1,24.69,2025-03-23
373,C086,Sabonete,6,3.82,2025-05-19
374,C038,Esponja,2,21.93,2025-02-14
375,C047,Granola,2,5.4,2025-02-21
376,C018,Lenco_Umedecido,4,2.74,2025-05-22
377,C074,Arroz_Integral,4,24.5,2025-05-22
378,C017,Acucar,1,8.53,2025-05-03
379,C068,Fermento,4,25.05,2025-01-19
380,C017,Biscoito,6,4.08,2025-04-30
381,C088,Sabonete,2,26.58,2025-05-22
382,C082,Molho_de_Tomate,2,14.11,2025-01-15
383,C016,Feijao,3,6.61,2025-03-24
384,C091,Fralda,3,28.53,2025-05-13
385,C037,Acucar,3,6.0,2025-05-22
386,C036,Arroz,6,10.48,2025-05-17
387,C012,Granola,6,6.72,2025-05-29
388,C020,Macarrao,6,19.49,2025-03-28
389,C073,Geleia,1,4.27,2025-05-28
390,C034,Carvao,5,13.66,2025-01-08
391,C064,Detergente,6,28.79,2025-05-04
392,C032,Farinha,3,14.7,2025-01-16
393,C021,Pao_de_Hamburguer,4,15.56,2025-02-22
394,C044,Feijao,3,26.12,2025-03-23
395,C094,Sabonete,4,5.66,2025-04-05
396,C066,Queijo,3,13.15,2025-02-01
397,C035,Pao_de_Hamburguer,2,5.94,2025-01-13
398,C038,Azeite,5,13.71,2025-02-10
399,C042,Biscoito,2,23.37,2025-05-08
400,C066,Salsicha,4,26.61,2025-05-08
401,C003,Acucar,4,12.92,2025-03-03
402,C028,Sabonete,1,3.42,2025-05-07
403,C077,Pao_de_Hot_Dog,3,17.03,2025-01-28
404,C056,Arroz,3,22.37,2025-04-14
405,C047,Geleia,4,3.43,2025-05-24
406,C025,Arroz_Integral,5,10.08,2025-04-09
407,C065,Pao_de_Hamburguer,5,9.83,2025-01-31
408,C017,Queijo,4,18.67,2025-03-28
409,C072,Arroz_Integral,2,7.57,2025-05-11
410,C052,Granola,1,3.27,2025-02-05
411,C092,Refrigerante,4,16.54,2025-02-08
412,C078,Granola,2,11.18,2025-03-23
413,C021,Farinha,5,22.7,2025-03-18
414,C076,Refrigerante,5,25.19,2025-05-17
415,C063,Esponja,4,24.84,2025-04-05
416,C043,Vinho,4,27.51,2025-01-07
417,C077,Pao_de_Hot_Dog,3,29.08,2025-05-29
418,C074,Fralda,6,3.44,2025-05-03
419,C022,Azeite,2,25.01,2025-03-04
420,C005,Vinho,2,3.79,2025-03-22
421,C054,Feijao,4,21.33,2025-04-16
422,C065,Pao_de_Hot_Dog,6,22.37,2025-02-05
423,C067,Carvao,5,11.1,2025-05-03
424,C068,Azeite,3,28.79,2025-04-28
425,C069,Refrigerante,5,11.92,2025-03-09
426,C079,Pao_de_Hot_Dog,2,28.81,2025-03-13
427,C072,Esponja,2,28.36,2025-03-18
428,C099,Detergente,6,7.8,2025-05-06
429,C041,Pao_de_Hot_Dog,3,17.69,2025-03-12
430,C037,Vinho,5,31.42,2025-04-08
431,C051,Sabonete,2,10.13,2025-03-15
432,C092,Acucar,3,22.3,2025-03-07
433,C096,Pao_de_Hot_Dog,2,7.66,2025-05-18
434,C035,Condicionador,2,5.06,2025-05-31
435,C031,Lenco_Umedecido,1,20.76,2025-05-16
436,C029,Fralda,1,4.81,2025-03-26
437,C092,Pao_de_Hot_Dog,1,21.07,2025-02-05
438,C001,Macarrao,4,20.28,2025-05-02
439,C062,Cerveja,3,10.99,2025-01-16
440,C099,Acucar,6,14.46,2025-05-17
441,C095,Geleia,2,13.7,2025-02-15
442,C005,Farinha,4,7.22,2025-03-16
443,C005,Pao,3,14.32,2025-01-28
444,C043,Detergente,4,29.69,2025-05-20
445,C068,Iogurte,2,25.83,2025-04-30
446,C035,Cerveja,1,11.26,2025-04-28
447,C083,Shampoo,6,7.21,2025-03-28
448,C038,Cerveja,2,19.11,2025-04-14
449,C055,Granola,3,4.43,2025-01-25
450,C024,Arroz,4,11.06,2025-03-05
451,C001,Shampoo,4,8.59,2025-03-10
452,C043,Esponja,5,22.24,2025-01-03
453,C034,Arroz_Integral,6,8.62,2025-01-31
454,C060,Esponja,2,13.35,2025-05-09
455,C091,Esponja,6,5.29,2025-03-17
456,C048,Fralda,2,28.81,2025-05-03
457,C020,Salsicha,6,29.69,2025-04-06
458,C054,Pao_de_Hot_Dog,5,24.46,2025-02-25
459,C098,Lenco_Umedecido,6,23.13,2025-01-21
460,C068,Pao_de_Hamburguer,5,21.71,2025-01-20
461,C073,Vinho,1,37.81,2025-05-10
462,C026,Feijao,2,11.19,2025-05-14
463,C057,Vinho,6,11.62,2025-05-30
464,C063,Acucar,5,11.58,2025-01-15
465,C059,Arroz,5,13.63,2025-05-25
466,C008,Salsicha,6,24.59,2025-01-06
467,C051,Shampoo,1,22.88,2025-05-29
468,C010,Geleia,4,11.65,2025-01-17
469,C070,Leite,1,23.69,2025-05-01
470,C005,Detergente,4,7.04,2025-02-04
471,C099,Fermento,3,29.8,2025-04-08
472,C058,Azeite,4,4.25,2025-05-19
473,C018,Sabonete,1,7.0,2025-05-18
474,C051,Arroz,6,29.4,2025-01-01
475,C097,Manteiga,3,14.96,2025-05-20
476,C055,Azeite,2,8.93,2025-03-30
477,C020,Condicionador,2,28.25,2025-01-29
478,C005,Fermento,5,23.45,2025-01-05
479,C031,Carvao,1,4.83,2025-01-09
480,C058,Leite,2,18.19,2025-04-13
481,C057,Fralda,5,8.08,2025-01-15
482,C018,Granola,3,8.56,2025-05-28
483,C041,Biscoito,2,10.45,2025-02-06
484,C085,Fralda,4,10.41,2025-01-16
485,C072,Molho_de_Tomate,6,21.01,2025-05-23
486,C064,Leite,3,22.69,2025-04-08
487,C068,Biscoito,6,13.66,2025-02-08
488,C039,Azeite,2,23.12,2025-05-02
489,C031,Fralda,3,26.01,2025-02-06
490,C060,Leite,5,10.84,2025-04-17
491,C072,Arroz,4,8.8,2025-02-22
492,C043,Acucar,4,20.58,2025-01-24
493,C069,Cerveja,1,9.52,2025-01-11
494,C010,Cerveja,5,22.28,2025-05-24
495,C028,Pao_de_Hot_Dog,2,26.35,2025-03-27
496,C039,Pao,2,22.59,2025-01-31
497,C096,Pao_de_Hot_Dog,2,21.48,2025-02-22
498,C051,Lenco_Umedecido,5,11.01,2025-03-14
499,C049,Salsicha,5,20.16,2025-03-20
500,C034,Arroz_Integral,5,26.72,2025-04-30
501,C013,Pao_de_Hot_Dog,3,27.6,2025-04-05
502,C041,Fermento,1,17.75,2025-02-26
503,C095,Feijao,1,9.3,2025-05-30
504,C075,Fermento,3,6.27,2025-03-26
505,C030,Azeite,5,25.33,2025-05-08
506,C071,Refrigerante,3,23.37,2025-05-06
507,C093,Iogurte,4,6.71,2025-04-01
508,C022,Arroz,6,17.3,2025-02-17
509,C070,Leite,5,2.36,2025-01-20
510,C086,Leite,1,10.84,2025-03-01
511,C009,Feijao,1,8.12,2025-04-27
512,C048,Leite,5,15.89,2025-05-04
513,C085,Iogurte,1,2.19,2025-05-22
514,C053,Pao,1,13.46,2025-03-12
515,C069,Detergente,1,16.06,2025-04-21
516,C023,Queijo,1,25.02,2025-03-03
517,C025,Shampoo,3,9.49,2025-04-12
518,C011,Arroz_Integral,4,14.85,2025-03-04
519,C090,Fralda,3,21.15,2025-01-21
520,C084,Geleia,1,13.35,2025-04-07
521,C071,Pao_de_Hot_Dog,1,19.83,2025-02-13
522,C011,Iogurte,4,20.06,2025-03-26
523,C073,Queijo,5,41.61,2025-02-28
524,C028,Pao_de_Hot_Dog,3,3.3,2025-01-20
525,C088,Condicionador,5,17.78,2025-01-09
526,C023,Biscoito,1,28.92,2025-05-31
527,C019,Farinha,1,10.38,2025-05-25
528,C031,Azeite,6,27.1,2025-03-26
529,C050,Arroz,6,22.28,2025-05-09
530,C096,Sabonete,1,4.74,2025-03-01
531,C010,Refrigerante,5,23.53,2025-04-12
532,C100,Biscoito,1,19.76,2025-04-26
533,C063,Fralda,3,17.49,2025-04-07
534,C056,Molho_de_Tomate,6,18.4,2025-04-08
535,C011,Detergente,2,21.97,2025-01-22
536,C035,Feijao,4,21.93,2025-02-09
537,C095,Azeite,3,12.1,2025-01-24
538,C001,Esponja,4,12.08,2025-03-11
539,C014,Arroz,1,7.25,2025-04-25
540,C072,Granola,4,4.89,2025-01-23
541,C046,Acucar,5,15.0,2025-03-25
542,C050,Pao,3,10.87,2025-01-22
543,C093,Lenco_Umedecido,5,16.59,2025-04-08
544,C022,Arroz,3,10.43,2025-05-07
545,C019,Cafe,2,14.17,2025-04-18
546,C039,Pao_de_Hot_Dog,1,12.11,2025-03-05
547,C093,Iogurte,5,19.27,2025-04-28
548,C014,Arroz,3,2.19,2025-04-12
549,C043,Azeite,3,14.33,2025-04-21
550,C084,Arroz,3,10.98,2025-02-21
551,C062,Biscoito,2,29.01,2025-03-23
552,C038,Iogurte,5,23.9,2025-03-25
553,C049,Condicionador,4,12.22,2025-05-25
554,C026,Molho_de_Tomate,6,23.49,2025-01-07
555,C094,Salsicha,6,7.87,2025-03-16
556,C089,Cafe,4,20.84,2025-02-05
557,C082,Esponja,2,9.08,2025-02-09
558,C092,Hamburguer,4,4.07,2025-05-03
559,C075,Farinha,5,16.19,2025-04-18
560,C070,Geleia,3,21.65,2025-05-18
561,C077,Acucar,1,18.82,2025-04-01
562,C022,Geleia,5,29.54,2025-04-13
563,C097,Refrigerante,4,4.97,2025-01-26
564,C034,Fralda,5,22.91,2025-05-23
565,C075,Fralda,4,12.48,2025-04-29
566,C099,Granola,2,11.66,2025-01-07
567,C062,Queijo,3,20.48,2025-01-22
568,C015,Feijao,3,10.73,2025-04-27
569,C027,Pao_de_Hot_Dog,3,15.33,2025-04-23
570,C093,Pao_de_Hamburguer,3,3.88,2025-01-12
571,C091,Vinho,1,38.67,2025-01-28
572,C087,Macarrao,6,8.83,2025-02-14
573,C071,Macarrao,3,17.68,2025-04-29
574,C030,Farinha,6,7.16,2025-04-21
575,C051,Manteiga,6,19.19,2025-02-20
576,C058,Hamburguer,4,2.12,2025-02-24
577,C027,Condicionador,6,24.64,2025-01-17
578,C074,Queijo,5,10.85,2025-03-25
579,C026,Salsicha,1,9.35,2025-05-06
580,C068,Biscoito,5,12.88,2025-04-11
581,C076,Vinho,3,17.79,2025-04-28
582,C080,Molho_de_Tomate,6,21.77,2025-03-18
583,C079,Acucar,6,4.6,2025-01-31
584,C031,Esponja,1,7.13,2025-02-06
585,C066,Azeite,4,18.7,2025-05-28
586,C050,Hamburguer,2,15.63,2025-05-18
587,C089,Molho_de_Tomate,5,6.67,2025-03-15
588,C018,Molho_de_Tomate,3,25.58,2025-01-14
589,C046,Pao,4,4.66,2025-04-09
590,C072,Granola,6,15.86,2025-05-06
591,C054,Pao_de_Hamburguer,4,6.68,2025-05-25
592,C004,Fralda,3,2.92,2025-02-27
593,C069,Detergente,2,23.86,2025-05-25
594,C096,Iogurte,5,16.3,2025-05-27
595,C015,Condicionador,5,25.05,2025-04-04
596,C070,Geleia,6,14.36,2025-02-25
597,C055,Queijo,6,37.86,2025-03-05
598,C039,Geleia,4,9.36,2025-01-23
599,C057,Vinho,2,11.82,2025-05-31
600,C089,Sabonete,6,19.09,2025-04-20
601,C022,Arroz,2,24.78,2025-01-16
602,C073,Sabonete,5,9.87,2025-05-18
603,C022,Biscoito,6,10.19,2025-05-27
604,C035,Granola,6,24.83,2025-02-04
605,C097,Fermento,1,29.79,2025-02-02
606,C090,Arroz,2,6.09,2025-03-24
607,C032,Farinha,4,5.98,2025-03-10
608,C081,Fermento,4,14.66,2025-01-24
609,C052,Granola,6,9.79,2025-04-05
610,C059,Iogurte,3,18.29,2025-01-24
611,C094,Salsicha,6,20.6,2025-04-02
612,C009,Farinha,2,29.11,2025-02-24
613,C064,Condicionador,3,25.19,2025-03-28
614,C071,Arroz,5,25.87,2025-03-29
615,C088,Leite,1,3.83,2025-04-28
616,C003,Vinho,2,21.54,2025-01-01
617,C055,Cerveja,6,27.46,2025-03-19
618,C021,Condicionador,1,20.33,2025-03-06
619,C011,Arroz_Integral,6,27.31,2025-02-12
620,C007,Farinha,6,10.55,2025-03-01
621,C055,Acucar,6,3.74,2025-02-24
622,C062,Cafe,2,18.62,2025-05-13
623,C088,Pao_de_Hamburguer,1,2.23,2025-03-29
624,C016,Hamburguer,6,5.7,2025-01-19
625,C030,Azeite,1,22.46,2025-01-27
626,C014,Biscoito,3,26.67,2025-02-05
627,C049,Arroz,6,29.8,2025-02-06
628,C009,Pao,5,16.16,2025-04-23
629,C045,Carvao,6,22.95,2025-04-16
630,C079,Pao_de_Hamburguer,2,4.43,2025-01-26
631,C018,Vinho,5,33.66,2025-03-31
632,C055,Biscoito,2,8.94,2025-01-22
633,C032,Detergente,6,2.75,2025-03-19
634,C027,Granola,2,22.94,2025-03-17
635,C083,Leite,2,12.69,2025-01-29
636,C031,Iogurte,6,18.63,2025-05-16
637,C002,Arroz_Integral,3,5.7,2025-05-26
638,C054,Arroz_Integral,5,21.12,2025-05-01
639,C099,Cafe,1,18.45,2025-01-04
640,C034,Carvao,1,27.83,2025-04-12
641,C065,Detergente,6,21.95,2025-04-17
642,C055,Farinha,1,19.94,2025-05-18
643,C079,Feijao,3,4.34,2025-01-21
644,C066,Carvao,2,17.02,2025-04-11
645,C076,Cafe,3,21.56,2025-03-03
646,C008,Lenco_Umedecido,1,27.89,2025-01-30
647,C059,Leite,3,16.52,2025-02-14
648,C016,Pao,6,4.67,2025-01-03
649,C021,Iogurte,3,16.64,2025-03-08
650,C022,Arroz_Integral,2,22.99,2025-03-10
651,C094,Vinho,1,17.07,2025-04-20
652,C035,Cafe,3,21.95,2025-05-28
653,C081,Cafe,4,14.75,2025-04-03
654,C008,Iogurte,5,6.67,2025-02-10
655,C033,Queijo,5,31.32,2025-01-30
656,C030,Granola,1,3.23,2025-01-04
657,C032,Geleia,4,12.19,2025-02-08
658,C023,Geleia,5,24.49,2025-04-18
659,C029,Biscoito,2,13.66,2025-03-23
660,C035,Cafe,5,12.44,2025-05-09
661,C087,Leite,2,6.6,2025-05-13
662,C006,Farinha,1,26.56,2025-03-14
663,C100,Esponja,3,4.42,2025-04-27
664,C002,Arroz_Integral,2,10.16,2025-03-19
665,C095,Lenco_Umedecido,4,12.31,2025-05-07
666,C099,Cerveja,6,27.21,2025-03-04
667,C020,Pao,4,2.14,2025-05-19
668,C045,Pao,3,1.63,2025-04-07
669,C095,Esponja,1,7.75,2025-03-02
670,C054,Iogurte,1,29.23,2025-02-06
671,C092,Condicionador,1,3.23,2025-03-01
672,C067,Fermento,6,27.08,2025-04-28
673,C096,Acucar,5,3.74,2025-02-04
674,C082,Farinha,1,18.57,2025-01-16
675,C056,Arroz,2,10.17,2025-03-22
676,C051,Biscoito,3,14.68,2025-03-01
677,C010,Cerveja,2,23.84,2025-05-30
678,C014,Feijao,1,6.6,2025-04-30
679,C041,Fermento,1,17.01,2025-02-23
680,C058,Esponja,4,9.42,2025-01-31
681,C012,Macarrao,6,10.52,2025-01-11
682,C028,Biscoito,2,4.55,2025-03-05
683,C046,Farinha,5,3.37,2025-03-18
684,C034,Molho_de_Tomate,1,28.66,2025-04-26
685,C072,Lenco_Umedecido,1,14.94,2025-02-05
686,C016,Pao,1,20.2,2025-02-26
687,C017,Cerveja,4,12.42,2025-01-22
688,C075,Shampoo,1,2.61,2025-01-17
689,C026,Pao_de_Hamburguer,2,4.58,2025-03-26
690,C016,Geleia,4,3.42,2025-05-27
691,C056,Farinha,4,2.83,2025-04-20
692,C023,Sabonete,2,27.43,2025-03-12
693,C036,Pao_de_Hamburguer,2,2.97,2025-03-04
694,C083,Detergente,4,13.54,2025-05-21
695,C062,Leite,1,7.86,2025-02-05
696,C054,Cerveja,6,26.77,2025-05-15
697,C032,Manteiga,4,23.89,2025-04-02
698,C062,Iogurte,3,27.55,2025-05-09
699,C042,Azeite,3,7.03,2025-03-23
700,C077,Fralda,1,27.08,2025-03-13
701,C008,Pao_de_Hot_Dog,5,12.01,2025-05-30
702,C030,Macarrao,1,8.94,2025-03-03
703,C035,Leite,2,14.5,2025-04-10
704,C046,Molho_de_Tomate,2,8.62,2025-03-23
705,C095,Sabonete,5,2.79,2025-04-01
706,C073,Feijao,5,28.55,2025-05-07
707,C070,Esponja,2,15.73,2025-01-24
708,C008,Fralda,5,8.13,2025-05-15
709,C062,Pao,3,22.16,2025-02-21
710,C017,Refrigerante,6,6.97,2025-03-24
711,C008,Manteiga,2,18.43,2025-02-06
712,C100,Vinho,5,39.15,2025-01-19
713,C048,Farinha,5,4.83,2025-03-19
714,C042,Arroz,2,22.51,2025-04-22
715,C082,Iogurte,6,10.88,2025-05-24
716,C089,Sabonete,2,20.63,2025-02-14
717,C049,Esponja,6,21.28,2025-02-02
718,C023,Pao,6,22.85,2025-04-11
719,C099,Geleia,2,18.87,2025-02-26
720,C082,Queijo,4,8.91,2025-01-20
721,C031,Sabonete,3,6.7,2025-01-23
722,C091,Refrigerante,4,2.32,2025-02-23
723,C032,Cafe,3,9.19,2025-01-28
724,C093,Pao,1,10.25,2025-04-18
725,C022,Fermento,4,26.69,2025-03-31
726,C070,Azeite,1,25.21,2025-05-28
727,C084,Fralda,2,14.64,2025-01-09
728,C038,Manteiga,3,9.31,2025-01-27
729,C010,Refrigerante,2,26.86,2025-02-11
730,C094,Cafe,5,28.37,2025-01-24
731,C044,Pao_de_Hot_Dog,6,2.87,2025-02-12
732,C078,Hamburguer,2,3.5,2025-03-26
733,C027,Cerveja,4,21.52,2025-05-19
734,C034,Detergente,3,8.65,2025-01-13
735,C051,Iogurte,2,3.53,2025-01-01
736,C055,Acucar,3,20.06,2025-05-03
737,C026,Queijo,1,11.69,2025-03-16
738,C011,Pao_de_Hot_Dog,1,10.63,2025-04-12
739,C061,Iogurte,6,9.42,2025-05-20
740,C050,Molho_de_Tomate,3,26.79,2025-04-05
741,C024,Pao_de_Hamburguer,1,9.37,2025-04-30
742,C034,Fralda,3,17.8,2025-02-08
743,C097,Queijo,1,31.07,2025-05-19
744,C053,Fralda,5,3.71,2025-04-10
745,C067,Fermento,5,21.24,2025-05-02
746,C074,Lenco_Umedecido,4,10.37,2025-04-12
747,C092,Geleia,5,17.99,2025-05-13
748,C074,Feijao,1,28.58,2025-04-25
749,C023,Macarrao,2,24.64,2025-02-02
750,C006,Hamburguer,1,29.67,2025-04-22
751,C026,Feijao,5,9.22,2025-01-18
752,C012,Azeite,5,13.13,2025-03-25
753,C036,Salsicha,1,24.02,2025-05-31
754,C067,Fermento,1,13.6,2025-02-07
755,C073,Queijo,1,26.64,2025-01-26
756,C037,Sabonete,4,9.4,2025-05-05
757,C074,Pao_de_Hot_Dog,1,6.82,2025-04-14
758,C019,Farinha,1,13.08,2025-03-26
759,C089,Lenco_Umedecido,1,22.88,2025-03-10
760,C048,Manteiga,3,24.89,2025-03-19
761,C040,Condicionador,4,26.03,2025-01-26
762,C030,Arroz,3,29.28,2025-04-24
763,C100,Biscoito,3,22.41,2025-01-23
764,C025,Pao_de_Hamburguer,2,27.58,2025-04-15
765,C095,Iogurte,5,26.28,2025-01-15
766,C066,Macarrao,1,10.71,2025-05-10
767,C052,Arroz,5,26.62,2025-01-08
768,C023,Cerveja,2,25.44,2025-03-05
769,C005,Salsicha,1,27.7,2025-02-20
770,C036,Arroz_Integral,4,16.14,2025-02-01
771,C088,Manteiga,2,12.43,2025-04-25
772,C023,Pao_de_Hot_Dog,5,17.44,2025-03-30
773,C021,Shampoo,6,25.26,2025-01-24
774,C037,Manteiga,4,3.39,2025-05-27
775,C100,Carvao,2,20.13,2025-02-22
776,C035,Fermento,5,2.56,2025-01-03
777,C061,Arroz,6,6.85,2025-01-03
778,C029,Shampoo,5,24.54,2025-03-20
779,C092,Condicionador,4,27.07,2025-03-31
780,C059,Shampoo,2,15.07,2025-05-14
781,C080,Farinha,5,4.86,2025-05-11
782,C085,Arroz_Integral,5,20.13,2025-03-14
783,C039,Queijo,4,5.69,2025-03-12
784,C082,Biscoito,3,9.31,2025-03-18
785,C025,Feijao,5,23.43,2025-01-15
786,C077,Farinha,6,10.95,2025-02-05
787,C093,Manteiga,6,15.93,2025-03-17
788,C034,Fermento,4,12.87,2025-01-10
789,C075,Cerveja,3,22.34,2025-02-26
790,C088,Pao_de_Hot_Dog,6,12.04,2025-03-18
791,C022,Molho_de_Tomate,3,4.73,2025-02-02
792,C095,Shampoo,6,24.63,2025-02-16
793,C088,Refrigerante,6,4.5,2025-04-01
794,C029,Esponja,4,24.07,2025-03-26
795,C048,Shampoo,5,10.23,2025-01-31
796,C061,Leite,6,14.67,2025-01-19
797,C061,Cerveja,5,5.35,2025-04-08
798,C068,Esponja,4,3.51,2025-02-08
799,C018,Cerveja,3,13.46,2025-05-26
800,C059,Feijao,3,26.15,2025-02-16
801,C100,Acucar,4,9.05,2025-02-15
802,C041,Leite,1,11.73,2025-02-23
803,C098,Macarrao,5,23.41,2025-05-06
804,C098,Acucar,2,15.37,2025-04-20
805,C052,Hamburguer,4,12.73,2025-01-10
806,C069,Cerveja,6,12.45,2025-01-04
807,C042,Cerveja,1,20.95,2025-03-05
808,C029,Sabonete,3,5.61,2025-04-09
809,C065,Esponja,2,3.83,2025-01-12
810,C039,Detergente,4,22.38,2025-05-15
811,C044,Hamburguer,6,29.87,2025-03-29
812,C063,Sabonete,2,6.62,2025-04-14
813,C003,Fralda,2,22.36,2025-02-03
814,C028,Manteiga,5,16.13,2025-02-01
815,C047,Geleia,4,26.54,2025-03-07
816,C099,Leite,5,23.88,2025-01-28
817,C084,Manteiga,1,21.31,2025-04-17
818,C057,Azeite,1,17.32,2025-05-02
819,C090,Feijao,2,21.47,2025-01-03
820,C039,Fermento,6,4.83,2025-05-14
821,C035,Arroz,4,25.26,2025-01-27
822,C066,Vinho,3,7.79,2025-01-28
823,C064,Cerveja,5,7.59,2025-03-09
824,C067,Cerveja,3,21.7,2025-03-17
825,C021,Geleia,5,15.9,2025-02-23
826,C089,Pao_de_Hot_Dog,3,8.57,2025-01-04
827,C086,Acucar,1,20.31,2025-05-07
828,C020,Acucar,5,3.28,2025-01-26
829,C033,Fralda,4,29.68,2025-03-17
830,C034,Salsicha,1,4.79,2025-02-14
831,C006,Detergente,3,24.44,2025-03-22
832,C055,Vinho,1,38.74,2025-01-12
833,C002,Arroz,6,20.12,2025-03-26
834,C046,Pao_de_Hamburguer,5,9.51,2025-01-24
835,C048,Refrigerante,2,5.19,2025-04-13
836,C059,Condicionador,4,21.32,2025-05-03
837,C054,Macarrao,1,5.71,2025-01-16
838,C021,Queijo,4,41.27,2025-05-04
839,C073,Pao_de_Hamburguer,2,19.12,2025-04-02
840,C079,Manteiga,6,26.64,2025-02-03
841,C062,Iogurte,1,26.85,2025-04-23
842,C006,Cafe,3,20.34,2025-01-04
843,C091,Fralda,6,26.45,2025-05-13
844,C067,Queijo,4,30.8,2025-03-05
845,C062,Sabonete,6,20.94,2025-04-09
846,C020,Leite,1,16.02,2025-02-10
847,C065,Pao_de_Hot_Dog,4,26.34,2025-01-20
848,C097,Iogurte,3,8.74,2025-03-13
849,C007,Granola,2,17.41,2025-04-07
850,C052,Lenco_Umedecido,1,14.85,2025-05-27
851,C058,Acucar,4,11.62,2025-01-31
852,C064,Manteiga,1,13.3,2025-01-10
853,C072,Pao,1,19.34,2025-03-19
854,C066,Carvao,6,20.8,2025-03-29
855,C047,Leite,2,20.51,2025-03-26
856,C072,Pao_de_Hot_Dog,6,20.4,2025-04-26
857,C015,Queijo,6,12.32,2025-03-29
858,C046,Detergente,5,16.62,2025-01-28
859,C006,Macarrao,4,5.93,2025-04-15
860,C014,Shampoo,5,7.49,2025-01-31
861,C051,Carvao,4,25.09,2025-02-18
862,C092,Refrigerante,1,23.2,2025-01-12
863,C082,Vinho,4,22.21,2025-05-31
864,C065,Arroz,4,2.12,2025-01-13
865,C071,Hamburguer,5,15.52,2025-05-11
866,C100,Molho_de_Tomate,6,18.2,2025-02-02
867,C014,Azeite,6,18.82,2025-03-24
868,C065,Azeite,4,29.43,2025-03-05
869,C036,Farinha,3,29.17,2025-04-26
870,C018,Arroz,4,18.87,2025-05-12
871,C039,Biscoito,6,22.63,2025-05-22
872,C081,Carvao,2,7.87,2025-03-16
873,C088,Sabonete,6,5.71,2025-02-15
874,C065,Biscoito,6,5.23,2025-04-01
875,C072,Pao_de_Hot_Dog,5,17.98,2025-04-17
876,C087,Detergente,4,24.63,2025-05-14
877,C014,Manteiga,4,6.07,2025-01-15
878,C026,Condicionador,2,29.54,2025-03-06
879,C019,Leite,6,19.17,2025-02-22
880,C097,Geleia,3,24.79,2025-01-27
881,C079,Fralda,6,20.12,2025-04-10
882,C031,Granola,6,10.05,2025-01-13
883,C049,Azeite,4,28.79,2025-03-22
884,C071,Leite,1,18.26,2025-02-21
885,C080,Pao_de_Hamburguer,2,27.52,2025-04-05
886,C097,Cerveja,6,29.0,2025-03-17
887,C058,Molho_de_Tomate,6,4.09,2025-02-14
888,C095,Granola,1,12.56,2025-04-20
889,C036,Shampoo,2,6.51,2025-03-07
890,C001,Refrigerante,4,21.87,2025-02-09
891,C006,Feijao,3,18.71,2025-03-19
892,C063,Sabonete,1,23.95,2025-03-23
893,C068,Fralda,2,16.58,2025-05-10
894,C021,Fermento,5,17.04,2025-01-24
895,C045,Fralda,2,20.57,2025-03-26
896,C047,Detergente,2,28.61,2025-05-16
897,C061,Pao,1,16.58,2025-04-25
898,C031,Lenco_Umedecido,1,21.11,2025-03-24
899,C049,Vinho,4,13.77,2025-03-14
900,C004,Arroz_Integral,5,24.48,2025-04-25
901,C063,Geleia,3,27.15,2025-02-19
902,C042,Granola,1,28.55,2025-02-12
903,C099,Pao,6,3.06,2025-02-24
904,C088,Hamburguer,1,7.76,2025-04-22
905,C083,Cafe,6,21.21,2025-01-07
906,C059,Refrigerante,1,4.45,2025-01-14
907,C023,Shampoo,5,3.97,2025-02-28
908,C034,Fermento,4,14.63,2025-04-14
909,C056,Biscoito,1,12.91,2025-01-31
910,C069,Pao,6,17.74,2025-01-17
911,C097,Geleia,6,25.75,2025-04-02
912,C065,Queijo,3,36.05,2025-03-19
913,C078,Acucar,3,18.74,2025-04-23
914,C049,Farinha,6,2.86,2025-02-10
915,C069,Fralda,2,22.91,2025-05-20
916,C038,Feijao,3,20.96,2025-04-06
917,C002,Feijao,1,3.17,2025-05-27
918,C077,Farinha,5,17.33,2025-01-22
919,C040,Carvao,6,22.76,2025-03-30
920,C028,Fermento,6,25.84,2025-02-06
921,C021,Molho_de_Tomate,2,19.27,2025-03-06
922,C025,Vinho,2,31.18,2025-05-26
923,C007,Salsicha,6,17.39,2025-03-16
924,C086,Cafe,3,4.75,2025-05-29
925,C063,Refrigerante,3,5.59,2025-03-02
926,C013,Detergente,5,3.95,2025-02-19
927,C041,Iogurte,4,11.19,2025-03-20
928,C089,Feijao,5,17.87,2025-03-22
929,C055,Macarrao,1,10.77,2025-02-26
930,C092,Hamburguer,3,25.52,2025-02-04
931,C087,Refrigerante,4,14.96,2025-04-02
932,C100,Esponja,4,17.45,2025-02-14
933,C083,Acucar,3,20.83,2025-02-05
934,C069,Cerveja,3,22.54,2025-01-20
935,C094,Cafe,1,25.79,2025-01-08
936,C075,Farinha,5,7.96,2025-01-10
937,C071,Shampoo,5,27.03,2025-05-19
938,C061,Feijao,3,12.99,2025-05-31
939,C094,Detergente,2,15.01,2025-05-11
940,C012,Farinha,3,16.06,2025-03-03
941,C079,Macarrao,5,5.93,2025-02-10
942,C023,Feijao,6,22.5,2025-04-02
943,C006,Fralda,4,8.49,2025-03-09
944,C048,Fralda,1,20.72,2025-05-13
945,C047,Azeite,4,27.7,2025-01-12
946,C006,Biscoito,1,21.7,2025-05-14
947,C082,Condicionador,6,9.37,2025-05-20
948,C073,Molho_de_Tomate,4,20.3,2025-04-04
949,C076,Cafe,5,9.04,2025-02-27
950,C067,Farinha,3,24.88,2025-03-30
951,C063,Pao_de_Hot_Dog,5,2.18,2025-02-05
952,C057,Macarrao,2,4.16,2025-03-13
953,C028,Feijao,2,6.41,2025-01-31
954,C085,Fralda,4,24.71,2025-01-30
955,C062,Pao_de_Hot_Dog,4,7.9,2025-02-11
956,C083,Fermento,1,8.82,2025-02-02
957,C074,Macarrao,2,19.63,2025-01-11
958,C074,Feijao,1,6.66,2025-02-16
959,C067,Farinha,5,29.14,2025-01-05
960,C093,Detergente,1,8.06,2025-05-01
961,C062,Macarrao,2,25.25,2025-02-06
962,C075,Molho_de_Tomate,5,20.47,2025-03-09
963,C022,Refrigerante,4,18.7,2025-01-18
964,C030,Azeite,4,5.7,2025-01-05
965,C026,Granola,6,13.75,2025-02-08
966,C078,Queijo,2,22.98,2025-01-10
967,C069,Granola,1,4.61,2025-02-03
968,C078,Pao,6,16.14,2025-05-14
969,C054,Arroz_Integral,1,21.53,2025-04-20
970,C030,Pao_de_Hot_Dog,4,11.81,2025-05-28
971,C013,Hamburguer,2,9.13,2025-03-01
972,C011,Detergente,5,26.55,2025-04-15
973,C033,Cerveja,1,21.86,2025-01-02
974,C074,Vinho,5,3.3,2025-02-22
975,C089,Biscoito,4,12.14,2025-02-09
976,C055,Shampoo,3,25.94,2025-04-19
977,C073,Arroz_Integral,5,9.72,2025-04-12
978,C097,Carvao,4,17.46,2025-05-23
979,C062,Molho_de_Tomate,3,17.65,2025-05-04
980,C033,Esponja,5,11.64,2025-04-12
981,C095,Arroz,6,5.33,2025-02-28
982,C058,Macarrao,1,8.0,2025-04-13
983,C044,Leite,2,10.31,2025-01-02
984,C012,Feijao,4,27.92,2025-04-22
985,C012,Cafe,3,8.21,2025-01-21
986,C078,Geleia,6,12.76,2025-04-13
987,C079,Detergente,6,28.98,2025-01-15
988,C100,Molho_de_Tomate,6,15.84,2025-01-03
989,C026,Detergente,2,2.94,2025-05-11
990,C067,Fralda,5,6.75,2025-01-10
991,C047,Lenco_Umedecido,6,2.01,2025-02-10
992,C012,Condicionador,4,11.89,2025-04-12
993,C052,Cerveja,5,2.43,2025-01-18
994,C012,Detergente,6,25.23,2025-05-30
995,C045,Sabonete,3,8.34,2025-02-19
996,C059,Farinha,5,2.13,2025-02-14
997,C053,Granola,1,17.64,2025-05-09
998,C038,Refrigerante,1,24.48,2025-03-07
999,C069,Shampoo,6,14.4,2025-04-07
1000,C073,Pao_de_Hot_Dog,2,23.21,2025-04-28
